Fecha;temp_prom
2021-01-01;23,80833333333333
2021-01-02;27,01250000000000
2021-01-03;26,59166666666667
2021-01-04;26,78333333333333
2021-01-05;25,44166666666667
2021-01-06;22,95000000000000
2021-01-07;24,45000000000000
2021-01-08;26,28750000000000
2021-01-09;24,90416666666667
2021-01-10;27,61250000000000
2021-01-11;20,88333333333333
2021-01-12;21,96250000000000
2021-01-13;23,97500000000000
2021-01-14;24,40833333333333
2021-01-15;21,62916666666667
2021-01-16;22,30416666666667
2021-01-17;20,42500000000000
2021-01-18;21,80000000000000
2021-01-19;24,52083333333333
2021-01-20;26,70000000000000
2021-01-21;26,26666666666667
2021-01-22;27,68260869565217
2021-01-23;28,77916666666667
2021-01-24;29,60416666666667
2021-01-25;27,55000000000000
2021-01-26;24,83750000000000
2021-01-27;27,34166666666667
2021-01-28;22,82083333333333
2021-01-29;22,60416666666667
2021-01-30;19,96666666666667
2021-01-31;17,84166666666667
2021-02-01;20,67083333333333
2021-02-02;20,22916666666667
2021-02-03;22,09583333333333
2021-02-04;22,47500000000000
2021-02-05;22,62916666666667
2021-02-07;24,56250000000000
2021-02-08;21,98750000000000
2021-02-09;21,63750000000000
2021-02-10;21,25833333333333
2021-02-11;21,21250000000000
2021-02-12;22,67083333333333
2021-02-13;22,42083333333333
2021-02-14;23,01666666666667
2021-02-15;23,42500000000000
2021-02-16;21,52500000000000
2021-02-17;21,46666666666667
2021-02-18;23,17500000000000
2021-02-19;22,41666666666667
2021-02-20;21,47083333333333
2021-02-21;24,93333333333333
2021-02-22;27,05416666666667
2021-02-23;24,77083333333333
2021-02-24;23,37500000000000
2021-02-25;23,82500000000000
2021-02-26;25,40000000000000
2021-02-27;26,28750000000000
2021-02-28;26,83750000000000
2021-03-01;27,03750000000000
2021-03-02;26,97500000000000
2021-03-03;26,25833333333333
2021-03-04;24,49583333333333
2021-03-05;23,13333333333333
2021-03-06;20,68750000000000
2021-03-07;22,00833333333333
2021-03-08;22,94583333333333
2021-03-09;23,98333333333333
2021-03-10;24,92083333333333
2021-03-11;23,86666666666667
2021-03-12;23,94583333333333
2021-03-13;24,56250000000000
2021-03-14;22,22916666666667
2021-03-15;19,30416666666667
2021-03-16;20,77826086956522
2021-03-17;19,00000000000000
2021-03-18;15,64583333333333
2021-03-19;18,54166666666667
2021-03-20;19,83333333333333
2021-03-21;19,33333333333333
2021-03-22;19,05833333333333
2021-03-23;19,57916666666667
2021-03-24;20,75833333333333
2021-03-25;20,95416666666667
2021-03-26;20,32500000000000
2021-03-27;17,71666666666667
2021-03-28;17,59583333333333
2021-03-29;19,50000000000000
2021-03-30;18,45833333333333
2021-03-31;19,70000000000000
2021-04-01;19,15416666666667
2021-04-02;19,97083333333333
2021-04-03;21,04583333333333
2021-04-04;21,30416666666667
2021-04-05;22,90000000000000
2021-04-06;22,30833333333333
2021-04-07;24,09583333333333
2021-04-08;23,21666666666667
2021-04-09;20,05833333333333
2021-04-10;19,90000000000000
2021-04-11;16,89166666666667
2021-04-12;16,64583333333333
2021-04-13;17,49583333333333
2021-04-14;19,01666666666667
2021-04-15;19,80000000000000
2021-04-16;20,89583333333333
2021-04-17;21,30833333333333
2021-04-18;21,71304347826087
2021-04-19;21,64583333333333
2021-04-20;20,95000000000000
2021-04-21;19,89166666666667
2021-04-22;20,90000000000000
2021-04-23;19,39166666666667
2021-04-24;17,99583333333333
2021-04-25;13,93750000000000
2021-04-26;14,37083333333333
2021-04-27;15,09166666666667
2021-04-28;15,68333333333333
2021-04-29;15,47916666666667
2021-04-30;15,35833333333333
2021-05-01;18,12083333333333
2021-05-02;21,55416666666667
2021-05-03;22,13750000000000
2021-05-04;14,23333333333333
2021-05-05;11,98750000000000
2021-05-06;10,06666666666667
2021-05-07;10,32916666666667
2021-05-08;12,87083333333333
2021-05-09;13,88750000000000
2021-05-10;12,56666666666667
2021-05-11;9,01250000000000
2021-05-12;9,51666666666667
2021-05-13;11,12083333333333
2021-05-14;11,03333333333333
2021-05-15;11,77500000000000
2021-05-16;13,96250000000000
2021-05-17;13,21666666666667
2021-05-18;14,12083333333333
2021-05-19;14,54166666666667
2021-05-20;13,40416666666667
2021-05-21;12,51250000000000
2021-05-22;11,47083333333333
2021-05-23;12,07083333333333
2021-05-24;9,97500000000000
2021-05-25;12,35833333333333
2021-05-26;11,89166666666667
2021-05-27;13,67916666666667
2021-05-28;14,72083333333333
2021-05-29;12,02916666666667
2021-05-30;8,96666666666667
2021-05-31;12,58750000000000
2021-06-01;14,08333333333333
2021-06-02;13,44583333333333
2021-06-03;14,07916666666667
2021-06-04;18,24166666666667
2021-06-05;15,28333333333333
2021-06-06;10,27083333333333
2021-06-07;11,59166666666667
2021-06-08;14,35833333333333
2021-06-09;15,28333333333333
2021-06-10;14,91739130434783
2021-06-11;9,99166666666667
2021-06-12;13,30416666666667
2021-06-13;14,88750000000000
2021-06-14;12,40833333333333
2021-06-15;7,86250000000000
2021-06-16;5,70000000000000
2021-06-17;7,49166666666667
2021-06-18;6,58333333333333
2021-06-19;7,54583333333333
2021-06-20;7,44166666666667
2021-06-21;9,42916666666667
2021-06-22;10,21666666666667
2021-06-23;13,32916666666667
2021-06-24;12,01250000000000
2021-06-25;9,10416666666667
2021-06-26;8,99583333333333
2021-06-27;5,27916666666667
2021-06-28;5,32083333333333
2021-06-29;4,29583333333333
2021-06-30;5,53333333333333
2021-07-01;9,15416666666667
2021-07-02;8,41250000000000
2021-07-03;5,42500000000000
2021-07-04;8,72083333333333
2021-07-05;10,24166666666667
2021-07-06;13,66666666666667
2021-07-07;17,78750000000000
2021-07-08;16,24583333333333
2021-07-09;19,91250000000000
2021-07-10;13,41250000000000
2021-07-11;8,01250000000000
2021-07-12;15,83333333333333
2021-07-13;14,27500000000000
2021-07-14;10,22916666666667
2021-07-15;10,41250000000000
2021-07-16;7,21250000000000
2021-07-17;9,12083333333333
2021-07-18;6,42083333333333
2021-07-19;5,52500000000000
2021-07-20;8,55000000000000
2021-07-21;11,17083333333333
2021-07-22;13,62916666666667
2021-07-23;16,42916666666667
2021-07-24;17,02083333333333
2021-07-25;12,99166666666667
2021-07-26;9,85000000000000
2021-07-27;6,54583333333333
2021-07-28;5,42500000000000
2021-07-29;4,52500000000000
2021-07-30;8,31666666666667
2021-07-31;9,64583333333333
2021-08-01;9,58750000000000
2021-08-02;10,05000000000000
2021-08-03;10,85000000000000
2021-08-04;11,79583333333333
2021-08-05;11,64166666666667
2021-08-06;15,82083333333333
2021-08-07;18,85000000000000
2021-08-08;14,07083333333333
2021-08-09;8,58333333333333
2021-08-10;5,67916666666667
2021-08-11;7,10416666666667
2021-08-12;8,73750000000000
2021-08-13;9,78333333333333
2021-08-14;9,74583333333333
2021-08-15;11,02500000000000
2021-08-16;15,45833333333333
2021-08-17;18,17916666666667
2021-08-18;19,77916666666667
2021-08-19;17,61666666666667
2021-08-20;14,10833333333333
2021-08-21;13,28750000000000
2021-08-22;14,11250000000000
2021-08-23;10,26666666666667
2021-08-24;10,13750000000000
2021-08-25;10,88750000000000
2021-08-26;10,73333333333333
2021-08-27;13,27083333333333
2021-08-28;15,97083333333333
2021-08-29;16,82500000000000
2021-08-30;19,73333333333333
2021-08-31;23,95833333333333
2021-09-01;20,15416666666667
2021-09-02;15,39166666666667
2021-09-03;15,73333333333333
2021-09-04;16,77083333333333
2021-09-05;14,94583333333333
2021-09-06;15,97083333333333
2021-09-07;16,05416666666667
2021-09-08;13,86666666666667
2021-09-09;13,20000000000000
2021-09-10;13,13750000000000
2021-09-11;15,51666666666667
2021-09-12;20,67083333333333
2021-09-13;18,06666666666667
2021-09-14;13,80416666666667
2021-09-15;12,49583333333333
2021-09-16;15,35416666666667
2021-09-17;17,67916666666667
2021-09-18;19,11666666666667
2021-09-19;18,10416666666667
2021-09-20;17,74583333333333
2021-09-21;13,35416666666667
2021-09-22;11,26666666666667
2021-09-23;14,39166666666667
2021-09-24;15,79166666666667
2021-09-25;17,22916666666667
2021-09-26;20,23333333333333
2021-09-27;19,54166666666667
2021-09-28;14,42916666666667
2021-09-29;17,52083333333333
2021-09-30;16,85833333333333
2021-10-01;16,34166666666667
2021-10-02;15,82916666666667
2021-10-03;12,81666666666667
2021-10-04;13,58750000000000
2021-10-05;16,37500000000000
2021-10-06;14,55000000000000
2021-10-07;12,74166666666667
2021-10-08;15,66666666666667
2021-10-09;17,13750000000000
2021-10-10;16,96250000000000
2021-10-11;18,54166666666667
2021-10-12;18,36666666666667
2021-10-13;17,36250000000000
2021-10-14;15,35833333333333
2021-10-15;13,87916666666667
2021-10-16;14,17916666666667
2021-10-17;15,90833333333333
2021-10-18;18,19583333333333
2021-10-19;19,85833333333333
2021-10-20;21,12500000000000
2021-10-21;21,40833333333333
2021-10-22;19,55416666666667
2021-10-23;17,73333333333333
2021-10-24;17,89166666666667
2021-10-25;22,45000000000000
2021-10-26;24,95833333333333
2021-10-27;26,02500000000000
2021-10-28;27,67916666666667
2021-10-29;25,94583333333333
2021-10-30;27,22916666666667
2021-10-31;23,11250000000000
2021-11-01;17,87500000000000
2021-11-02;19,04583333333333
2021-11-03;21,10833333333333
2021-11-04;23,35000000000000
2021-11-05;16,04166666666667
2021-11-06;17,33750000000000
2021-11-07;19,51666666666667
2021-11-08;22,06250000000000
2021-11-09;22,65416666666667
2021-11-10;22,51666666666667
2021-11-11;22,59583333333333
2021-11-12;22,22916666666667
2021-11-13;23,57500000000000
2021-11-14;20,81250000000000
2021-11-15;22,91250000000000
2021-11-16;18,27083333333333
2021-11-17;15,62500000000000
2021-11-18;18,02083333333333
2021-11-19;23,06666666666667
2021-11-20;24,45833333333333
2021-11-21;25,22916666666667
2021-11-22;26,45833333333333
2021-11-23;22,68333333333333
2021-11-24;25,45833333333333
2021-11-25;21,15833333333333
2021-11-26;23,75000000000000
2021-11-27;24,20434782608696
2021-11-28;18,72500000000000
2021-11-29;21,71666666666667
2021-11-30;22,41304347826087
2021-12-01;21,73750000000000
2021-12-02;23,20000000000000
2021-12-03;22,90000000000000
2021-12-04;21,93333333333333
2021-12-05;23,16666666666667
2021-12-06;23,77916666666667
2021-12-07;25,09583333333333
2021-12-08;24,42916666666667
2021-12-09;23,74583333333333
2021-12-10;22,27916666666667
2021-12-11;24,50416666666667
2021-12-12;22,80833333333333
2021-12-13;23,63333333333333
2021-12-14;22,60869565217391
2021-12-15;21,31250000000000
2021-12-16;23,20416666666667
2021-12-17;24,64583333333333
2021-12-18;26,11250000000000
2021-12-19;27,05000000000000
2021-12-20;28,17500000000000
2021-12-21;27,24583333333333
2021-12-22;27,14166666666667
2021-12-23;27,71739130434783
2021-12-24;27,88750000000000
2021-12-25;28,09166666666667
2021-12-26;26,74166666666667
2021-12-27;27,84583333333333
2021-12-28;29,56250000000000
2021-12-29;30,06086956521739
2021-12-30;28,17916666666667
2021-12-31;28,27083333333333
2022-01-01;23,44583333333333
2022-01-02;24,07916666666667
2022-01-03;27,96956521739130
2022-01-04;25,86250000000000
2022-01-05;23,26666666666667
2022-01-06;22,86666666666667
2022-01-07;25,15000000000000
2022-01-08;25,72083333333333
2022-01-09;26,93333333333333
2022-01-10;28,04347826086957
2022-01-11;30,42608695652174
2022-01-12;30,42500000000000
2022-01-13;32,33750000000000
2022-01-14;31,96250000000000
2022-01-15;32,89166666666667
2022-01-16;27,90833333333333
2022-01-17;24,45416666666667
2022-01-18;23,71250000000000
2022-01-19;25,05416666666667
2022-01-20;28,55416666666667
2022-01-21;30,20833333333333
2022-01-22;25,85000000000000
2022-01-23;23,50416666666667
2022-01-24;25,65416666666667
2022-01-25;25,94583333333333
2022-01-26;26,44166666666667
2022-01-27;19,88750000000000
2022-01-28;21,23333333333333
2022-01-29;23,66250000000000
2022-01-30;25,32500000000000
2022-01-31;23,80416666666667
2022-02-01;24,97916666666667
2022-02-02;27,68333333333333
2022-02-03;24,47500000000000
2022-02-04;22,72083333333333
2022-02-05;20,26666666666667
2022-02-06;18,91304347826087
2022-02-07;19,73333333333333
2022-02-08;21,42916666666667
2022-02-09;23,56250000000000
2022-02-10;25,95000000000000
2022-02-11;21,55000000000000
2022-02-12;17,70434782608696
2022-02-13;18,62916666666667
2022-02-14;22,31666666666667
2022-02-15;26,07083333333333
2022-02-16;28,32500000000000
2022-02-17;24,04583333333333
2022-02-18;22,90000000000000
2022-02-19;23,72916666666667
2022-02-20;22,46666666666667
2022-02-21;22,24583333333333
2022-02-22;23,51666666666667
2022-02-23;24,13750000000000
2022-02-24;22,69166666666667
2022-02-25;22,94166666666667
2022-02-26;27,05833333333333
2022-02-27;25,71666666666667
2022-02-28;23,35416666666667
2022-03-01;20,18333333333333
2022-03-02;22,42500000000000
2022-03-03;25,10000000000000
2022-03-04;23,83913043478261
2022-03-05;22,55000000000000
2022-03-06;23,58333333333333
2022-03-07;21,48750000000000
2022-03-08;20,87916666666667
2022-03-09;18,21250000000000
2022-03-10;20,09166666666667
2022-03-11;19,71666666666667
2022-03-12;18,65000000000000
2022-03-13;19,64583333333333
2022-03-14;20,86250000000000
2022-03-15;22,67500000000000
2022-03-16;22,87083333333333
2022-03-17;23,63043478260870
2022-03-18;17,50000000000000
2022-03-19;15,19583333333333
2022-03-20;17,27083333333333
2022-03-21;18,53750000000000
2022-03-22;21,07083333333333
2022-03-23;22,19166666666667
2022-03-24;14,91250000000000
2022-03-25;15,52083333333333
2022-03-26;19,17916666666667
2022-03-27;19,46250000000000
2022-03-28;21,44166666666667
2022-03-29;20,44166666666667
2022-03-30;12,61666666666667
2022-03-31;10,64166666666667
2022-04-01;12,72500000000000
2022-04-02;16,19166666666667
2022-04-03;18,00000000000000
2022-04-04;14,86666666666667
2022-04-05;16,43333333333333
2022-04-06;19,62916666666667
2022-04-07;21,40416666666667
2022-04-08;21,97916666666667
2022-04-09;22,60416666666667
2022-04-10;22,00000000000000
2022-04-11;18,99166666666667
2022-04-12;15,12916666666667
2022-04-13;13,87916666666667
2022-04-14;14,79583333333333
2022-04-15;15,49583333333333
2022-04-16;15,81304347826087
2022-04-17;16,88750000000000
2022-04-18;17,16666666666667
2022-04-19;17,97083333333333
2022-04-20;18,71250000000000
2022-04-21;16,88750000000000
2022-04-22;14,38333333333333
2022-04-23;13,50434782608696
2022-04-24;20,15833333333333
2022-04-25;22,39166666666667
2022-04-26;23,02083333333333
2022-04-27;17,28750000000000
2022-04-28;13,40416666666667
2022-04-29;10,10833333333333
2022-04-30;10,85833333333333
2022-05-01;12,27083333333333
2022-05-02;13,02916666666667
2022-05-03;11,39583333333333
2022-05-04;12,23333333333333
2022-05-05;14,69583333333333
2022-05-06;15,85416666666667
2022-05-07;16,67500000000000
2022-05-08;17,24166666666667
2022-05-09;14,43750000000000
2022-05-10;14,79583333333333
2022-05-11;13,54166666666667
2022-05-12;13,87083333333333
2022-05-13;14,53333333333333
2022-05-14;14,38636363636364
2022-05-15;11,86666666666667
2022-05-16;9,85000000000000
2022-05-17;10,51250000000000
2022-05-18;9,39166666666667
2022-05-19;8,33333333333333
2022-05-20;11,62500000000000
2022-05-21;13,27500000000000
2022-05-22;12,70416666666667
2022-05-23;15,32083333333333
2022-05-24;16,32916666666667
2022-05-25;12,41666666666667
2022-05-26;9,48750000000000
2022-05-27;12,87500000000000
2022-05-28;11,84166666666667
2022-05-29;9,07083333333333
2022-05-30;5,08333333333333
2022-05-31;5,46666666666667
2022-06-01;8,68333333333333
2022-06-02;9,07916666666667
2022-06-03;8,95000000000000
2022-06-04;9,72916666666667
2022-06-05;9,31250000000000
2022-06-06;10,19166666666667
2022-06-07;8,02916666666667
2022-06-08;6,77083333333333
2022-06-09;9,19130434782609
2022-06-10;5,68750000000000
2022-06-11;4,81666666666667
2022-06-12;10,33750000000000
2022-06-13;12,11250000000000
2022-06-14;11,95000000000000
2022-06-15;12,63750000000000
2022-06-16;11,20000000000000
2022-06-17;8,96956521739130
2022-06-18;6,68750000000000
2022-06-19;10,24166666666667
2022-06-20;9,86250000000000
2022-06-21;8,81666666666667
2022-06-22;7,72916666666667
2022-06-23;5,86250000000000
2022-06-24;10,77500000000000
2022-06-25;6,94166666666667
2022-06-26;8,38750000000000
2022-06-27;9,65833333333333
2022-06-28;11,97500000000000
2022-06-29;11,23750000000000
2022-06-30;10,35416666666667
2022-07-01;11,80833333333333
2022-07-02;9,55833333333333
2022-07-03;7,45833333333333
2022-07-04;12,56250000000000
2022-07-05;10,27916666666667
2022-07-06;12,94166666666667
2022-07-07;10,04583333333333
2022-07-08;8,01666666666667
2022-07-09;17,29583333333333
2022-07-10;17,08333333333333
2022-07-11;11,33750000000000
2022-07-12;6,07083333333333
2022-07-13;11,44166666666667
2022-07-14;11,96666666666667
2022-07-15;10,07916666666667
2022-07-16;7,73333333333333
2022-07-17;5,05000000000000
2022-07-18;8,77500000000000
2022-07-19;9,44583333333333
2022-07-20;12,47083333333333
2022-07-21;11,65416666666667
2022-07-22;12,80000000000000
2022-07-23;17,07500000000000
2022-07-24;17,37083333333333
2022-07-25;17,60833333333333
2022-07-26;21,39166666666667
2022-07-27;17,35416666666667
2022-07-28;11,91250000000000
2022-07-29;9,62083333333333
2022-07-30;13,00833333333333
2022-07-31;14,33750000000000
2022-08-01;13,79583333333333
2022-08-02;14,10833333333333
2022-08-03;12,29166666666667
2022-08-04;11,80416666666667
2022-08-05;9,32916666666667
2022-08-06;10,22916666666667
2022-08-07;12,50000000000000
2022-08-08;10,10000000000000
2022-08-09;10,83333333333333
2022-08-10;10,43333333333333
2022-08-11;11,31666666666667
2022-08-12;14,64166666666667
2022-08-13;17,16250000000000
2022-08-14;18,78750000000000
2022-08-15;14,75416666666667
2022-08-16;10,41250000000000
2022-08-17;11,48750000000000
2022-08-18;7,46250000000000
2022-08-19;6,75416666666667
2022-08-20;10,63333333333333
2022-08-21;10,57916666666667
2022-08-22;11,75000000000000
2022-08-23;14,78333333333333
2022-08-24;18,84166666666667
2022-08-25;20,67916666666667
2022-08-26;20,36666666666667
2022-08-27;17,50833333333333
2022-08-28;7,46250000000000
2022-08-29;9,03750000000000
2022-08-30;12,84166666666667
2022-08-31;18,02083333333333
2022-09-01;17,46666666666667
2022-09-02;12,97916666666667
2022-09-03;10,41666666666667
2022-09-04;12,77083333333333
2022-09-05;13,75416666666667
2022-09-06;14,74583333333333
2022-09-07;18,48333333333333
2022-09-08;17,26250000000000
2022-09-09;10,77500000000000
2022-09-10;9,97500000000000
2022-09-11;12,29166666666667
2022-09-12;12,87916666666667
2022-09-13;14,89166666666667
2022-09-14;15,58333333333333
2022-09-15;16,42916666666667
2022-09-16;18,16250000000000
2022-09-17;20,81250000000000
2022-09-18;17,00833333333333
2022-09-19;13,58333333333333
2022-09-20;10,35000000000000
2022-09-21;12,65833333333333
2022-09-22;13,41666666666667
2022-09-23;13,63750000000000
2022-09-24;17,14166666666667
2022-09-25;16,68333333333333
2022-09-26;16,44583333333333
2022-09-27;18,19166666666667
2022-09-28;17,74166666666667
2022-09-29;15,27500000000000
2022-09-30;16,42500000000000
2022-10-01;19,18750000000000
2022-10-02;20,02916666666667
2022-10-03;19,85833333333333
2022-10-04;17,84166666666667
2022-10-05;17,41250000000000
2022-10-06;17,57083333333333
2022-10-07;19,94166666666667
2022-10-08;16,60416666666667
2022-10-09;11,88750000000000
2022-10-10;15,17083333333333
2022-10-11;17,19583333333333
2022-10-12;20,39545454545454
2022-10-13;16,67916666666667
2022-10-14;12,67916666666667
2022-10-15;12,39583333333333
2022-10-16;15,55833333333333
2022-10-17;17,52916666666667
2022-10-18;19,04166666666667
2022-10-19;20,36666666666667
2022-10-20;19,63333333333333
2022-10-21;22,63750000000000
2022-10-22;14,55833333333333
2022-10-23;15,50833333333333
2022-10-24;22,08333333333333
2022-10-25;25,02500000000000
2022-10-26;21,47500000000000
2022-10-27;21,51666666666667
2022-10-28;24,88333333333333
2022-10-29;26,72500000000000
2022-10-30;17,09565217391305
2022-10-31;12,84583333333333
2022-11-01;14,77083333333333
2022-11-02;17,61666666666667
2022-11-03;19,98750000000000
2022-11-04;21,62916666666667
2022-11-05;20,67083333333333
2022-11-06;21,61666666666667
2022-11-07;22,62916666666667
2022-11-08;21,85833333333333
2022-11-09;23,08333333333333
2022-11-10;21,12500000000000
2022-11-11;23,82500000000000
2022-11-12;20,21666666666667
2022-11-13;18,34583333333333
2022-11-14;20,47083333333333
2022-11-15;23,95416666666667
2022-11-16;26,59166666666667
2022-11-17;28,67500000000000
2022-11-18;27,79166666666667
2022-11-19;25,53333333333333
2022-11-20;22,94166666666667
2022-11-21;18,57916666666667
2022-11-22;18,54583333333333
2022-11-23;22,74583333333333
2022-11-24;27,30833333333333
2022-11-25;28,74583333333333
2022-11-26;29,55217391304348
2022-11-27;28,86250000000000
2022-11-28;29,16250000000000
2022-11-29;29,05833333333333
2022-11-30;24,19166666666667
2022-12-01;22,50000000000000
2022-12-02;22,99583333333333
2022-12-03;24,74166666666667
2022-12-04;27,54583333333333
2022-12-05;29,70833333333333
2022-12-06;30,73750000000000
2022-12-07;31,88333333333333
2022-12-08;27,99583333333333
2022-12-09;29,60000000000000
2022-12-10;26,09166666666667
2022-12-11;29,66250000000000
2022-12-12;25,33750000000000
2022-12-13;23,24583333333333
2022-12-14;27,05416666666667
2022-12-15;25,95833333333333
2022-12-16;22,59166666666667
2022-12-17;21,74166666666667
2022-12-18;23,72083333333333
2022-12-19;26,11250000000000
2022-12-20;27,30833333333333
2022-12-21;27,44166666666667
2022-12-22;28,22916666666667
2022-12-23;22,71250000000000
2022-12-24;22,27500000000000
2022-12-25;20,66250000000000
2022-12-26;21,98333333333333
2022-12-27;24,59166666666667
2022-12-28;25,83750000000000
2022-12-29;25,85416666666667
2022-12-30;29,01666666666667
2022-12-31;30,33333333333333
2023-01-01;22,37916666666667
2023-01-02;23,92916666666667
2023-01-03;24,39166666666667
2023-01-04;25,19166666666667
2023-01-05;27,13750000000000
2023-01-06;29,65833333333333
2023-01-07;30,27916666666667
2023-01-08;29,57916666666667
2023-01-09;29,16250000000000
2023-01-10;30,47500000000000
2023-01-11;25,81666666666667
2023-01-12;21,65000000000000
2023-01-13;23,71666666666667
2023-01-14;24,80833333333333
2023-01-15;27,70833333333333
2023-01-16;29,42500000000000
2023-01-17;31,41250000000000
2023-01-18;25,92916666666667
2023-01-19;30,00000000000000
2023-01-20;28,63333333333333
2023-01-21;25,60000000000000
2023-01-22;27,17500000000000
2023-01-23;27,61250000000000
2023-01-24;26,11666666666667
2023-01-25;26,14583333333333
2023-01-26;29,20833333333333
2023-01-27;22,80416666666667
2023-01-28;25,41666666666667
2023-01-29;27,07916666666667
2023-01-30;26,17916666666667
2023-01-31;27,47500000000000
2023-02-01;24,87083333333333
2023-02-02;23,67083333333333
2023-02-03;23,79166666666667
2023-02-04;23,44166666666667
2023-02-05;24,45416666666667
2023-02-06;26,65416666666667
2023-02-07;28,73750000000000
2023-02-08;26,74166666666667
2023-02-09;26,43333333333333
2023-02-10;28,93333333333333
2023-02-11;31,03333333333333
2023-02-12;31,61250000000000
2023-02-13;27,11304347826087
2023-02-14;25,72083333333333
2023-02-15;24,96666666666667
2023-02-16;21,40416666666667
2023-02-17;12,67083333333333
2023-02-18;15,10416666666667
2023-02-19;18,69166666666667
2023-02-20;21,18333333333333
2023-02-21;24,30833333333333
2023-02-22;23,67083333333333
2023-02-23;22,60833333333333
2023-02-24;23,64166666666667
2023-02-25;25,35833333333333
2023-02-26;25,06666666666667
2023-02-27;25,22500000000000
2023-02-28;27,94583333333333
2023-03-01;27,04166666666667
2023-03-02;27,33750000000000
2023-03-03;27,04583333333333
2023-03-04;28,39583333333333
2023-03-05;29,39583333333333
2023-03-06;29,13333333333333
2023-03-07;26,00416666666667
2023-03-08;26,87500000000000
2023-03-09;28,85000000000000
2023-03-10;29,72916666666667
2023-03-11;30,87083333333333
2023-03-12;30,56666666666667
2023-03-13;30,87916666666667
2023-03-14;28,43750000000000
2023-03-15;28,14166666666667
2023-03-16;27,59583333333333
2023-03-17;29,34166666666667
2023-03-18;28,34166666666667
2023-03-19;27,36250000000000
2023-03-20;24,69583333333333
2023-03-21;19,44166666666667
2023-03-22;19,73333333333333
2023-03-23;22,09166666666667
2023-03-24;23,20000000000000
2023-03-25;23,40416666666667
2023-03-26;19,97083333333333
2023-03-27;19,98333333333333
2023-03-28;23,73750000000000
2023-03-29;23,63333333333333
2023-03-30;20,32916666666667
2023-03-31;20,79583333333333
2023-04-01;15,87500000000000
2023-04-02;21,26250000000000
2023-04-03;19,12500000000000
2023-04-04;19,46666666666667
2023-04-05;21,35000000000000
2023-04-06;22,27500000000000
2023-04-07;21,43333333333333
2023-04-08;20,68333333333333
2023-04-09;20,68333333333333
2023-04-10;21,28750000000000
2023-04-11;23,32500000000000
2023-04-12;18,32500000000000
2023-04-13;14,65000000000000
2023-04-14;14,42500000000000
2023-04-15;16,85416666666667
2023-04-16;16,20833333333333
2023-04-17;13,90833333333333
2023-04-18;13,64166666666667
2023-04-19;15,90833333333333
2023-04-20;13,94166666666667
2023-04-21;16,12500000000000
2023-04-22;15,69583333333333
2023-04-23;16,45000000000000
2023-04-24;17,30000000000000
2023-04-25;18,13333333333333
2023-04-26;18,12916666666667
2023-04-27;18,35000000000000
2023-04-28;20,25833333333333
2023-04-29;22,60833333333333
2023-04-30;22,09583333333333
2023-05-01;14,85833333333333
2023-05-02;15,65833333333333
2023-05-03;13,22916666666667
2023-05-04;16,17916666666667
2023-05-05;16,66250000000000
2023-05-06;16,52500000000000
2023-05-07;15,69583333333333
2023-05-08;15,35000000000000
2023-05-09;13,84166666666667
2023-05-10;15,80833333333333
2023-05-11;14,58333333333333
2023-05-12;15,03333333333333
2023-05-13;16,51250000000000
2023-05-14;17,60000000000000
2023-05-15;18,31250000000000
2023-05-16;18,52500000000000
2023-05-17;18,47916666666667
2023-05-18;15,60833333333333
2023-05-19;15,03750000000000
2023-05-20;13,52916666666667
2023-05-21;17,39166666666667
2023-05-22;18,57916666666667
2023-05-23;19,12083333333333
2023-05-24;20,80833333333333
2023-05-25;20,22500000000000
2023-05-26;19,57916666666667
2023-05-27;12,43750000000000
2023-05-28;9,45833333333333
2023-05-29;10,72916666666667
2023-05-30;14,27083333333333
2023-05-31;15,77083333333333
2023-06-01;18,32500000000000
2023-06-02;20,40833333333333
2023-06-03;20,29166666666667
2023-06-04;17,14583333333333
2023-06-05;11,85833333333333
2023-06-06;17,61250000000000
2023-06-07;18,70833333333333
2023-06-08;22,22083333333333
2023-06-09;18,81666666666667
2023-06-10;11,55000000000000
2023-06-11;7,76250000000000
2023-06-12;4,63750000000000
2023-06-13;6,00000000000000
2023-06-14;6,04583333333333
2023-06-15;8,15833333333333
2023-06-16;11,41666666666667
2023-06-17;8,98333333333333
2023-06-18;9,65416666666667
2023-06-19;12,96666666666667
2023-06-20;10,69583333333333
2023-06-21;8,48750000000000
2023-06-22;8,37500000000000
2023-06-23;10,48333333333333
2023-06-24;15,32916666666667
2023-06-25;13,42500000000000
2023-06-26;14,64583333333333
2023-06-27;14,97916666666667
2023-06-28;10,41666666666667
2023-06-29;7,55416666666667
2023-06-30;10,80833333333333
2023-07-01;13,20000000000000
2023-07-02;16,82083333333333
2023-07-03;18,94583333333333
2023-07-04;21,10833333333333
2023-07-05;18,79166666666667
2023-07-06;15,03333333333333
2023-07-07;11,74166666666667
2023-07-08;12,48750000000000
2023-07-09;15,15000000000000
2023-07-10;13,90000000000000
2023-07-11;11,65833333333333
2023-07-12;8,72500000000000
2023-07-13;7,32500000000000
2023-07-14;8,25000000000000
2023-07-15;7,22500000000000
2023-07-16;6,01250000000000
2023-07-17;5,29583333333333
2023-07-18;6,16666666666667
2023-07-19;7,89583333333333
2023-07-20;10,60000000000000
2023-07-21;18,39166666666667
2023-07-22;19,59583333333333
2023-07-23;12,87083333333333
2023-07-24;10,75000000000000
2023-07-25;9,56250000000000
2023-07-26;12,43750000000000
2023-07-27;9,42083333333333
2023-07-28;10,19166666666667
2023-07-29;12,53750000000000
2023-07-30;14,91250000000000
2023-07-31;17,06250000000000
2023-08-01;21,87083333333333
2023-08-02;22,09583333333333
2023-08-03;14,33750000000000
2023-08-04;12,12500000000000
2023-08-05;12,28750000000000
2023-08-06;16,54583333333333
2023-08-07;10,55833333333333
2023-08-08;9,20416666666667
2023-08-09;12,55416666666667
2023-08-10;14,85833333333333
2023-08-11;11,93333333333333
2023-08-12;7,35833333333333
2023-08-13;8,50416666666667
2023-08-14;16,24583333333333
2023-08-15;19,34583333333333
2023-08-16;22,93750000000000
2023-08-17;15,35000000000000
2023-08-18;12,85416666666667
2023-08-19;8,58333333333333
2023-08-20;9,93333333333333
2023-08-21;15,97916666666667
2023-08-22;16,58750000000000
2023-08-23;12,50000000000000
2023-08-24;12,42916666666667
2023-08-25;11,37916666666667
2023-08-26;9,15416666666667
2023-08-27;11,62083333333333
2023-08-28;11,86250000000000
2023-08-29;13,20416666666667
2023-08-30;15,98333333333333
2023-08-31;14,60416666666667
2023-09-01;18,33750000000000
2023-09-02;15,73750000000000
2023-09-03;10,44583333333333
2023-09-04;10,41250000000000
2023-09-05;10,25000000000000
2023-09-06;10,79166666666667
2023-09-07;13,79583333333333
2023-09-08;10,96250000000000
2023-09-09;12,83333333333333
2023-09-10;17,54583333333333
2023-09-11;19,13750000000000
2023-09-12;13,36666666666667
2023-09-13;12,67083333333333
2023-09-14;12,85833333333333
2023-09-15;18,85416666666667
2023-09-16;21,78750000000000
2023-09-17;18,46666666666667
2023-09-18;14,64583333333333
2023-09-19;13,65416666666667
2023-09-20;15,86250000000000
2023-09-21;18,50833333333333
2023-09-22;17,51250000000000
2023-09-23;16,09166666666667
2023-09-24;17,87916666666667
2023-09-25;16,19166666666667
2023-09-26;15,74583333333333
2023-09-27;13,70833333333333
2023-09-28;16,60000000000000
2023-09-29;16,69166666666667
2023-09-30;13,90000000000000
2023-10-01;16,09166666666667
2023-10-02;17,28750000000000
2023-10-03;15,38750000000000
2023-10-04;14,95000000000000
2023-10-05;14,67083333333333
2023-10-06;17,64166666666667
2023-10-07;18,07500000000000
2023-10-08;19,62083333333333
2023-10-09;21,37916666666667
2023-10-10;24,19166666666667
2023-10-11;14,21250000000000
2023-10-12;10,99166666666667
2023-10-13;13,35416666666667
2023-10-14;16,80000000000000
2023-10-15;19,89583333333333
2023-10-16;23,66250000000000
2023-10-17;17,66666666666667
2023-10-18;15,37083333333333
2023-10-19;18,69166666666667
2023-10-20;20,66250000000000
2023-10-21;23,17916666666667
2023-10-22;22,28333333333333
2023-10-23;20,84583333333333
2023-10-24;17,12500000000000
2023-10-25;16,19583333333333
2023-10-26;18,23333333333333
2023-10-27;20,53750000000000
2023-10-28;20,91666666666667
2023-10-29;25,30833333333333
2023-10-30;17,58750000000000
2023-10-31;13,67500000000000
2023-11-01;11,96250000000000
2023-11-02;12,15416666666667
2023-11-03;12,77083333333333
2023-11-04;16,19166666666667
2023-11-05;18,47916666666667
2023-11-06;21,27916666666667
2023-11-07;25,28750000000000
2023-11-08;22,37500000000000
2023-11-09;20,27916666666667
2023-11-10;18,90416666666667
2023-11-11;21,33750000000000
2023-11-12;20,25833333333333
2023-11-13;18,12083333333333
2023-11-14;19,88333333333333
2023-11-15;22,39166666666667
2023-11-16;20,97500000000000
2023-11-17;20,70416666666667
2023-11-18;18,53750000000000
2023-11-19;19,80833333333333
2023-11-20;23,85833333333333
2023-11-21;24,80416666666667
2023-11-22;21,81250000000000
2023-11-23;22,78333333333333
2023-11-24;22,50833333333333
2023-11-25;23,65833333333333
2023-11-26;23,96250000000000
2023-11-27;26,41666666666667
2023-11-28;27,25416666666667
2023-11-29;24,42916666666667
2023-11-30;24,55833333333333
2023-12-01;24,36250000000000
2023-12-02;22,75416666666667
2023-12-03;18,54782608695652
2023-12-04;18,32916666666667
2023-12-05;18,31666666666667
2023-12-06;21,02083333333333
2023-12-08;22,43333333333333
2023-12-09;21,11666666666667
2023-12-10;21,27500000000000
2023-12-11;24,40833333333333
2023-12-12;27,67916666666667
2023-12-13;23,44166666666667
2023-12-14;23,84166666666667
2023-12-15;25,36250000000000
2023-12-17;22,32916666666667
2023-12-18;19,47500000000000
2023-12-19;18,05000000000000
2023-12-20;20,56666666666667
2023-12-21;23,04583333333333
2023-12-22;24,32916666666667
2023-12-23;26,84166666666667
2023-12-24;26,72500000000000
2023-12-25;23,54166666666667
2023-12-26;21,73333333333333
2023-12-27;23,35416666666667
2023-12-28;27,72916666666667
2023-12-29;25,40000000000000
2023-12-30;21,13750000000000
2023-12-31;22,85833333333333
2024-01-01;23,43333333333333
2024-01-02;25,00416666666667
2024-01-03;25,11250000000000
2024-01-04;26,57083333333333
2024-01-05;27,05000000000000
2024-01-06;23,31666666666667
2024-01-08;25,75000000000000
2024-01-09;26,50000000000000
2024-01-10;25,70416666666667
2024-01-11;25,37916666666667
2024-01-12;24,70000000000000
2024-01-13;26,03333333333333
2024-01-14;24,37500000000000
2024-01-15;23,55000000000000
2024-01-16;21,92083333333333
2024-01-17;23,01666666666667
2024-01-18;24,75416666666667
2024-01-19;25,51250000000000
2024-01-20;23,75000000000000
2024-01-21;23,66666666666667
2024-01-22;23,05833333333333
2024-01-23;23,74583333333333
2024-01-24;24,22083333333333
2024-01-25;25,30000000000000
2024-01-26;25,14166666666667
2024-01-27;24,81250000000000
2024-01-28;25,38333333333333
2024-01-29;26,20833333333333
2024-01-30;27,06250000000000
2024-01-31;28,81250000000000
2024-02-01;29,55000000000000
2024-02-02;29,60000000000000
2024-02-03;28,39166666666667
2024-02-04;25,06666666666667
2024-02-05;29,14166666666667
2024-02-06;31,87916666666667
2024-02-07;31,97083333333333
2024-02-08;29,91250000000000
2024-02-09;23,85416666666667
2024-02-10;26,11666666666667
2024-02-11;26,72083333333333
2024-02-12;23,37916666666667
2024-02-13;18,17500000000000
2024-02-14;18,79166666666667
2024-02-15;21,57083333333333
2024-02-16;24,22500000000000
2024-02-17;25,22083333333333
2024-02-18;25,01666666666667
2024-02-19;24,79166666666667
2024-02-20;26,03333333333333
2024-02-21;27,31250000000000
2024-02-22;26,53750000000000
2024-02-23;21,50833333333333
2024-02-24;22,30416666666667
2024-02-25;21,09166666666667
2024-02-26;22,72083333333333
2024-02-27;24,03333333333333
2024-02-28;24,53750000000000
2024-02-29;26,27916666666667
2024-03-01;26,00833333333333
2024-03-02;26,25416666666667
2024-03-03;21,28750000000000
2024-03-04;20,07083333333333
2024-03-05;20,33333333333333
2024-03-06;21,90000000000000
2024-03-07;23,37916666666667
2024-03-08;24,51250000000000
2024-03-09;24,99166666666667
2024-03-10;26,20833333333333
2024-03-11;25,15416666666667
2024-03-12;28,05833333333333
2024-03-13;25,65416666666667
2024-03-14;24,00416666666667
2024-03-15;22,42916666666667
2024-03-16;23,40000000000000
2024-03-17;24,07916666666667
2024-03-18;25,76666666666667
2024-03-19;27,21250000000000
2024-03-20;26,89166666666667
2024-03-21;18,21666666666667
2024-03-22;17,22083333333333
2024-03-23;19,74166666666667
2024-03-24;21,97500000000000
2024-03-25;22,87916666666667
2024-03-26;22,92500000000000
2024-03-27;23,25833333333333
2024-03-28;23,40833333333333
2024-03-29;22,62500000000000
2024-03-30;24,72083333333333
2024-03-31;19,56250000000000
2024-04-01;17,35416666666667
2024-04-02;17,16250000000000
2024-04-03;18,47916666666667
2024-04-04;17,79583333333333
2024-04-05;19,04583333333333
2024-04-06;17,59166666666667
2024-04-07;18,14166666666667
2024-04-08;19,70833333333333
2024-04-09;20,46250000000000
2024-04-10;16,50000000000000
2024-04-11;15,45833333333333
2024-04-12;15,90833333333333
2024-04-13;17,59166666666667
2024-04-14;21,01666666666667
2024-04-15;19,89166666666667
2024-04-16;16,24166666666667
2024-04-17;18,28750000000000
2024-04-18;19,28333333333333
2024-04-19;20,44166666666667
2024-04-20;22,10000000000000
2024-04-21;23,30000000000000
2024-04-22;20,60000000000000
2024-04-23;18,62916666666667
2024-04-24;13,87916666666667
2024-04-25;15,72500000000000
2024-04-26;18,55000000000000
2024-04-27;15,88750000000000
2024-04-28;13,84166666666667
2024-04-29;17,27083333333333
2024-04-30;20,16250000000000
2024-05-01;15,97916666666667
2024-05-02;12,62083333333333
2024-05-03;9,73750000000000
2024-05-04;13,11666666666667
2024-05-05;17,64583333333333
2024-05-06;17,85833333333333
2024-05-07;18,34166666666667
2024-05-08;14,58333333333333
2024-05-09;8,82083333333333
2024-05-10;12,57083333333333
2024-05-11;12,31250000000000
2024-05-12;10,57500000000000
2024-05-13;8,28333333333333
2024-05-14;7,27916666666667
2024-05-15;7,80416666666667
2024-05-16;11,24583333333333
2024-05-17;10,20000000000000
2024-05-18;8,05833333333333
2024-05-19;9,23333333333333
2024-05-20;10,90416666666667
2024-05-21;12,27500000000000
2024-05-22;12,35000000000000
2024-05-23;11,04583333333333
2024-05-24;9,22083333333333
2024-05-25;5,08333333333333
2024-05-26;5,84583333333333
2024-05-27;7,89166666666667
2024-05-28;7,77500000000000
2024-05-29;10,47500000000000
2024-05-30;12,12916666666667
2024-05-31;12,49166666666667
2024-06-01;16,02916666666667
2024-06-02;13,01250000000000
2024-06-03;7,48750000000000
2024-06-04;9,82500000000000
2024-06-05;13,06666666666667
2024-06-06;15,98333333333333
2024-06-07;20,22083333333333
2024-06-08;22,11666666666667
2024-06-09;20,37916666666667
2024-06-10;13,87916666666667
2024-06-11;15,22500000000000
2024-06-12;19,47916666666667
2024-06-13;23,95000000000000
2024-06-14;18,81666666666667
2024-06-15;13,29166666666667
2024-06-16;13,72083333333333
2024-06-17;11,70833333333333
2024-06-18;16,31250000000000
2024-06-19;14,41250000000000
2024-06-20;12,84583333333333
2024-06-21;17,49583333333333
2024-06-22;17,87083333333333
2024-06-23;11,70833333333333
2024-06-24;7,26250000000000
2024-06-25;7,93333333333333
2024-06-26;7,70416666666667
2024-06-27;12,35833333333333
2024-06-28;9,97083333333333
2024-06-29;5,45000000000000
2024-06-30;6,78333333333333
2024-07-01;10,00833333333333
2024-07-02;11,25000000000000
2024-07-03;8,86666666666667
2024-07-04;6,49583333333333
2024-07-05;4,67083333333333
2024-07-06;2,86666666666667
2024-07-07;5,50833333333333
2024-07-08;3,10833333333333
2024-07-09;1,47083333333333
2024-07-10;1,67916666666667
2024-07-11;3,94166666666667
2024-07-12;4,42083333333333
2024-07-13;4,81250000000000
2024-07-14;5,69583333333333
2024-07-15;11,95416666666667
2024-07-16;12,31666666666667
2024-07-17;10,32500000000000
2024-07-18;14,10000000000000
2024-07-19;13,81250000000000
2024-07-20;9,51250000000000
2024-07-21;11,06250000000000
2024-07-22;12,50833333333333
2024-07-23;14,64166666666667
2024-07-24;16,44166666666667
2024-07-25;12,42083333333333
2024-07-26;13,25833333333333
2024-07-27;12,37083333333333
2024-07-28;11,60000000000000
2024-07-29;8,21666666666667
2024-07-30;8,75416666666667
2024-07-31;13,93750000000000
2024-08-01;21,13750000000000
2024-08-02;27,01250000000000
2024-08-03;15,88333333333333
2024-08-04;12,92083333333333
2024-08-05;13,84166666666667
2024-08-06;15,10416666666667
2024-08-07;10,11666666666667
2024-08-08;7,04583333333333
2024-08-09;5,39583333333333
2024-08-10;7,92083333333333
2024-08-11;10,69583333333333
2024-08-12;7,27916666666667
2024-08-13;11,13333333333333
2024-08-14;13,32083333333333
2024-08-15;15,26666666666667
2024-08-16;12,39583333333333
2024-08-17;10,92500000000000
2024-08-18;12,37916666666667
2024-08-19;13,27916666666667
2024-08-20;10,58750000000000
2024-08-21;10,74166666666667
2024-08-22;8,15000000000000
2024-08-23;6,22500000000000
2024-08-24;7,18750000000000
2024-08-25;7,91250000000000
2024-08-26;10,33333333333333
2024-08-27;12,27083333333333
2024-08-28;14,02500000000000
2024-08-29;14,82916666666667
2024-08-30;12,36250000000000
2024-08-31;10,65000000000000
2024-09-01;11,81666666666667
2024-09-02;15,54583333333333
2024-09-03;15,93333333333333
2024-09-04;13,52083333333333
2024-09-05;13,44583333333333
2024-09-06;16,81666666666667
2024-09-07;16,92500000000000
2024-09-08;18,49583333333333
2024-09-09;16,30416666666667
2024-09-10;17,30000000000000
2024-09-11;15,61666666666667
2024-09-12;14,40869565217391
2024-09-13;13,72083333333333
2024-09-14;13,40833333333333
2024-09-15;14,88333333333333
2024-09-16;17,05833333333333
2024-09-17;19,15000000000000
2024-09-18;22,45416666666667
2024-09-19;23,10000000000000
2024-09-20;17,82500000000000
2024-09-21;21,45000000000000
2024-09-22;22,15833333333333
2024-09-23;18,40833333333333
2024-09-24;18,15416666666667
2024-09-25;16,36666666666667
2024-09-26;15,53333333333333
2024-09-27;15,34166666666667
2024-09-28;18,88333333333333
2024-09-29;22,98333333333333
2024-09-30;26,24166666666667
2024-10-01;20,18333333333333
2024-10-02;14,95416666666667
2024-10-03;14,54583333333333
2024-10-04;17,94166666666667
2024-10-05;19,58333333333333
2024-10-06;20,96250000000000
2024-10-07;18,46666666666667
2024-10-08;19,32500000000000
2024-10-09;17,48333333333333
2024-10-10;17,76666666666667
2024-10-11;21,08333333333333
2024-10-12;16,78333333333333
2024-10-13;16,86666666666667
2024-10-14;17,55000000000000
2024-10-15;20,30000000000000
2024-10-16;21,32916666666667
2024-10-17;16,88333333333333
2024-10-18;19,28333333333333
2024-10-19;21,73750000000000
2024-10-20;23,76666666666667
2024-10-21;26,83333333333333
2024-10-22;25,84166666666667
2024-10-23;20,52083333333333
2024-10-25;15,84583333333333
2024-10-26;16,44583333333333
2024-10-27;19,09166666666667
2024-10-28;21,34166666666667
2024-10-29;23,56250000000000
2024-10-30;24,05416666666667
2024-10-31;23,64583333333333
2024-11-01;25,36250000000000
2024-11-02;22,25000000000000
2024-11-03;21,32500000000000
2024-11-04;20,76250000000000
2024-11-05;19,44166666666667
2024-11-06;21,55416666666667
2024-11-07;20,99166666666667
2024-11-08;20,02500000000000
2024-11-09;22,47916666666667
2024-11-10;24,15833333333333
2024-11-11;17,87083333333333
2021-02-06;22,62916666666667
2023-12-07;21,02083333333333
2023-12-16;25,36250000000000
2024-01-07;23,31666666666667
2024-10-24;20,52083333333333
